shift_a,shift_b,shift_c_sp,shift_c_relax,fgw_distance_megn,fgw_distance_cgnf,fgw_distance_magp,mace_single_point_energy,mace_relaxed_energy
0.026,0.026,-3.1,-2.6,0.261392686102 ,0.244651713837 ,0.256908102656 ,-1118.896362304680 ,-1127.357543945310 
0.026,0.079,-3.1,-2.6,0.260906685814 ,0.242666374047 ,0.254531177054 ,-1119.059326171870 ,-1127.404663085930 
0.026,0.132,-3.1,-2.6,0.261449587746 ,0.244339570888 ,0.256840421864 ,-1118.981201171870 ,-1127.330322265620 
0.026,0.184,-3.1,-2.6,0.261759890201 ,0.245879593937 ,0.258566830467 ,-1118.824340820310 ,-1126.956909179680 
0.026,0.237,-3.1,-2.6,0.261637154472 ,0.245369335014 ,0.257900722338 ,-1118.866821289060 ,-1127.304077148430 
0.026,0.289,-3.1,-2.6,0.261229042048 ,0.243667754116 ,0.255965878943 ,-1119.046264648430 ,-1127.281005859370 
0.026,0.342,-3.1,-2.6,0.261347871797 ,0.243932330457 ,0.256443857304 ,-1119.052856445310 ,-1127.321044921870 
0.026,0.395,-3.1,-2.6,0.261052711853 ,0.243532362779 ,0.255359129442 ,-1118.969726562500 ,-1127.392456054680 
0.026,0.447,-3.1,-2.6,0.261363667476 ,0.244128057668 ,0.256494136774 ,-1118.969238281250 ,-1127.399780273430 
0.026,0.5,-3.1,-2.6,0.261301717452 ,0.243728072513 ,0.256226645894 ,-1119.063598632810 ,-1127.344116210930 
0.026,0.553,-3.1,-2.6,0.261362693258 ,0.243908596455 ,0.256508009698 ,-1119.070190429680 ,-1127.337280273430 
0.026,0.605,-3.1,-2.6,0.260964826331 ,0.242721004424 ,0.254703205842 ,-1119.066406250000 ,-1127.379272460930 
0.026,0.658,-3.1,-2.6,0.261088761505 ,0.242784696124 ,0.254907161665 ,-1119.065185546870 ,-1127.472656250000 
0.026,0.711,-3.1,-2.6,0.260880988096 ,0.242660723532 ,0.254451572421 ,-1119.049804687500 ,-1127.417968750000 
0.026,0.763,-3.1,-2.6,0.261402151886 ,0.244407609161 ,0.256721535537 ,-1118.958618164060 ,-1127.163330078120 
0.026,0.816,-3.1,-2.6,0.261267774337 ,0.243700613378 ,0.255999549328 ,-1119.003173828120 ,-1127.425170898430 
0.026,0.868,-3.1,-2.6,0.261066656675 ,0.242676658302 ,0.254773009304 ,-1119.071899414060 ,-1127.477416992180 
0.026,0.921,-3.1,-2.6,0.261149001425 ,0.243523638760 ,0.255592960995 ,-1118.984252929680 ,-1127.411499023430 
0.026,0.974,-3.1,-2.6,0.261723920952 ,0.245779236092 ,0.258420592329 ,-1118.829223632810 ,-1127.070190429680 
0.079,0.026,-3.1,-2.6,0.261099499606 ,0.242933470385 ,0.255055591237 ,-1119.050781250000 ,-1127.459716796870 
0.079,0.079,-3.1,-2.6,0.261083983125 ,0.242823369179 ,0.254929862788 ,-1119.058715820310 ,-1127.468383789060 
0.079,0.132,-3.1,-2.6,0.261281371303 ,0.244276148262 ,0.256399277614 ,-1118.919189453120 ,-1127.367187500000 
0.079,0.184,-3.1,-2.6,0.261763643636 ,0.245826284389 ,0.258533459794 ,-1118.830810546870 ,-1127.369506835930 
0.079,0.237,-3.1,-2.6,0.260996623729 ,0.243243413212 ,0.255054384776 ,-1118.986083984370 ,-1127.479125976560 
0.079,0.289,-3.1,-2.6,0.261132261881 ,0.243183716320 ,0.255418356715 ,-1119.058959960930 ,-1127.454833984370 
0.079,0.342,-3.1,-2.6,0.261602771798 ,0.245112504362 ,0.257652718205 ,-1118.895263671870 ,-1127.363647460930 
0.079,0.395,-3.1,-2.6,0.261857589253 ,0.246201194890 ,0.259026907324 ,-1118.803222656250 ,-1127.281372070310 
0.079,0.447,-3.1,-2.6,0.261340146946 ,0.244339604178 ,0.256521119362 ,-1118.944824218750 ,-1127.163208007810 
0.079,0.5,-3.1,-2.6,0.261289128475 ,0.243706354004 ,0.256209678039 ,-1119.074707031250 ,-1127.333251953120 
0.079,0.553,-3.1,-2.6,0.261235982293 ,0.243853881751 ,0.256014000796 ,-1119.001220703120 ,-1127.339599609370 
0.079,0.605,-3.1,-2.6,0.261232721823 ,0.244056834978 ,0.256142736741 ,-1118.935058593750 ,-1127.369140625000 
0.079,0.658,-3.1,-2.6,0.261407924601 ,0.244149751600 ,0.256642569689 ,-1119.001342773430 ,-1127.339355468750 
0.079,0.711,-3.1,-2.6,0.261342657001 ,0.243849990390 ,0.256447975320 ,-1119.080322265620 ,-1127.328735351560 
0.079,0.763,-3.1,-2.6,0.261197331911 ,0.243443702496 ,0.255797739736 ,-1119.068481445310 ,-1127.360595703120 
0.079,0.816,-3.1,-2.6,0.260950909000 ,0.242588017667 ,0.254497662816 ,-1119.057617187500 ,-1127.453369140620 
0.079,0.868,-3.1,-2.6,0.261044557787 ,0.242783120425 ,0.254872258381 ,-1119.066284179680 ,-1127.450561523430 
0.079,0.921,-3.1,-2.6,0.261025796410 ,0.243252004040 ,0.255152454653 ,-1119.020874023430 ,-1127.353149414060 
0.079,0.974,-3.1,-2.6,0.261476399311 ,0.244459799272 ,0.256968125737 ,-1118.972412109370 ,-1127.431152343750 
0.132,0.026,-3.1,-2.6,0.261073361475 ,0.242862215225 ,0.254940376551 ,-1119.050781250000 ,-1127.461425781250 
0.132,0.079,-3.1,-2.6,0.260949362820 ,0.242732554200 ,0.254687067366 ,-1119.065185546870 ,-1127.404663085930 
0.132,0.132,-3.1,-2.6,0.261302914043 ,0.244024277712 ,0.256279795378 ,-1118.997070312500 ,-1127.341430664060 
0.132,0.184,-3.1,-2.6,0.261304841308 ,0.243779431827 ,0.256160419746 ,-1119.014038085930 ,-1127.379394531250 
0.132,0.237,-3.1,-2.6,0.261084638204 ,0.242688484081 ,0.254806356239 ,-1119.072875976560 ,-1127.481445312500 
0.132,0.289,-3.1,-2.6,0.261031288207 ,0.243023419464 ,0.254978015482 ,-1119.018798828120 ,-1127.430053710930 
0.132,0.342,-3.1,-2.6,0.261533965610 ,0.245168377000 ,0.257557608045 ,-1118.866455078120 ,-1127.236450195310 
0.132,0.395,-3.1,-2.6,0.261493742843 ,0.244894575237 ,0.257299247756 ,-1118.887939453120 ,-1127.352172851560 
0.132,0.447,-3.1,-2.6,0.260879181222 ,0.242578588076 ,0.254369388437 ,-1119.050537109370 ,-1127.425048828120 
0.132,0.5,-3.1,-2.6,0.261359159447 ,0.243987037580 ,0.256419347600 ,-1119.002685546870 ,-1127.332885742180 
0.132,0.553,-3.1,-2.6,0.261782412757 ,0.245908425546 ,0.258632285009 ,-1118.824829101560 ,-1126.994506835930 
0.132,0.605,-3.1,-2.6,0.261719015049 ,0.245721633148 ,0.258352768357 ,-1118.836303710930 ,-1126.994140625000 
0.132,0.658,-3.1,-2.6,0.261133863810 ,0.243512014532 ,0.255587544647 ,-1119.024658203120 ,-1127.306274414060 
0.132,0.711,-3.1,-2.6,0.261377030412 ,0.243981545779 ,0.256547043562 ,-1119.052490234370 ,-1127.347534179680 
0.132,0.763,-3.1,-2.6,0.261193833465 ,0.243997622211 ,0.255971606878 ,-1118.946533203120 ,-1127.246582031250 
0.132,0.816,-3.1,-2.6,0.261440054122 ,0.244531794346 ,0.256926213864 ,-1118.927856445310 ,-1127.377197265620 
0.132,0.868,-3.1,-2.6,0.261374831850 ,0.243973053687 ,0.256518241899 ,-1119.043823242180 ,-1127.332153320310 
0.132,0.921,-3.1,-2.6,0.261369344416 ,0.243920045691 ,0.256561778466 ,-1119.081542968750 ,-1127.312255859370 
0.132,0.974,-3.1,-2.6,0.260945565657 ,0.242773215102 ,0.254712305583 ,-1119.062744140620 ,-1127.264404296870 
0.184,0.026,-3.1,-2.6,0.261487790109 ,0.244527824485 ,0.257031665397 ,-1118.959960937500 ,-1127.322509765620 
0.184,0.079,-3.1,-2.6,0.261364870657 ,0.243910340789 ,0.256531241046 ,-1119.076416015620 ,-1127.322509765620 
0.184,0.132,-3.1,-2.6,0.261236673816 ,0.243573667521 ,0.255987460040 ,-1119.071899414060 ,-1127.346313476560 
0.184,0.184,-3.1,-2.6,0.260890430059 ,0.242597499979 ,0.246983292704 ,-1119.045654296870 ,-1127.379272460930 
0.184,0.237,-3.1,-2.6,0.261125004232 ,0.243043040667 ,0.255233634480 ,-1119.054809570310 ,-1127.444213867180 
0.184,0.289,-3.1,-2.6,0.261016492727 ,0.243087994731 ,0.255080259311 ,-1119.050292968750 ,-1127.358764648430 
0.184,0.342,-3.1,-2.6,0.261439790359 ,0.244286188797 ,0.256796781648 ,-1118.999633789060 ,-1127.274047851560 
0.184,0.395,-3.1,-2.6,0.261126164171 ,0.243026599522 ,0.255206800323 ,-1119.052856445310 ,-1127.450561523430 
0.184,0.447,-3.1,-2.6,0.261079438191 ,0.242706553012 ,0.254814489300 ,-1119.069702148430 ,-1127.479003906250 
0.184,0.5,-3.1,-2.6,0.261077990973 ,0.243555743375 ,0.255448509941 ,-1118.964599609370 ,-1127.483276367180 
0.184,0.553,-3.1,-2.6,0.261694279183 ,0.245567506253 ,0.258176146333 ,-1118.851684570310 ,-1127.201660156250 
0.184,0.605,-3.1,-2.6,0.261105326857 ,0.243525888479 ,0.255494908688 ,-1118.972534179680 ,-1127.421386718750 
0.184,0.658,-3.1,-2.6,0.261043613307 ,0.242868318517 ,0.254970349245 ,-1119.065185546870 ,-1127.403564453120 
0.184,0.711,-3.1,-2.6,0.261528445007 ,0.244803231629 ,0.257295732245 ,-1118.917602539060 ,-1127.292602539060 
0.184,0.763,-3.1,-2.6,0.261903389301 ,0.246363484942 ,0.259247179457 ,-1118.792602539060 ,-1127.031738281250 
0.184,0.816,-3.1,-2.6,0.261364219071 ,0.244546198140 ,0.256718008463 ,-1118.914306640620 ,-1127.206787109370 
0.184,0.868,-3.1,-2.6,0.261174620946 ,0.243420136546 ,0.255726980682 ,-1119.068359375000 ,-1127.354614257810 
0.184,0.921,-3.1,-2.6,0.261360385751 ,0.244160793813 ,0.256505023395 ,-1118.994628906250 ,-1127.194824218750 
0.184,0.974,-3.1,-2.6,0.261338824270 ,0.244506892363 ,0.256682475378 ,-1118.903808593750 ,-1127.386108398430 
0.237,0.026,-3.1,-2.6,0.261061213859 ,0.243425180332 ,0.255321921817 ,-1119.002197265620 ,-1127.185302734370 
0.237,0.079,-3.1,-2.6,0.261341444918 ,0.243851987589 ,0.256384083251 ,-1119.055175781250 ,-1127.334716796870 
0.237,0.132,-3.1,-2.6,0.261347329497 ,0.244433364888 ,0.256598111401 ,-1118.929199218750 ,-1127.192993164060 
0.237,0.184,-3.1,-2.6,0.261532680258 ,0.244974099790 ,0.257434684639 ,-1118.887695312500 ,-1127.357421875000 
0.237,0.237,-3.1,-2.6,0.261418959767 ,0.244194875369 ,0.256708229355 ,-1119.013671875000 ,-1127.375854492180 
0.237,0.289,-3.1,-2.6,0.261378541542 ,0.243942681963 ,0.256612710746 ,-1119.086914062500 ,-1127.148193359370 
0.237,0.342,-3.1,-2.6,0.260979374451 ,0.242952952029 ,0.254909857075 ,-1119.055175781250 ,-1127.279663085930 
0.237,0.395,-3.1,-2.6,0.261043664111 ,0.242956470757 ,0.254953689421 ,-1119.030639648430 ,-1127.441406250000 
0.237,0.447,-3.1,-2.6,0.261067002520 ,0.243003330031 ,0.255150499506 ,-1119.064819335930 ,-1127.432617187500 
0.237,0.5,-3.1,-2.6,0.261241164897 ,0.243748990112 ,0.256015655276 ,-1119.031860351560 ,-1127.308593750000 
0.237,0.553,-3.1,-2.6,0.261310518871 ,0.243775779299 ,0.256200423270 ,-1119.028198242180 ,-1127.352294921870 
0.237,0.605,-3.1,-2.6,0.261088496077 ,0.242709560582 ,0.254835686557 ,-1119.072509765620 ,-1127.479858398430 
0.237,0.658,-3.1,-2.6,0.260978830221 ,0.242712903451 ,0.254636835505 ,-1119.045410156250 ,-1127.450317382810 
0.237,0.711,-3.1,-2.6,0.261317783216 ,0.244455257158 ,0.256570683026 ,-1118.911010742180 ,-1127.396484375000 
0.237,0.763,-3.1,-2.6,0.261559828227 ,0.245016888411 ,0.257516648801 ,-1118.890625000000 ,-1127.340454101560 
0.237,0.816,-3.1,-2.6,0.260915945281 ,0.242652806758 ,0.254473265089 ,-1119.041015625000 ,-1127.435424804680 
0.237,0.868,-3.1,-2.6,0.261250779638 ,0.243568621471 ,0.255893966476 ,-1119.024902343750 ,-1127.374023437500 
0.237,0.921,-3.1,-2.6,0.261723529359 ,0.245678189446 ,0.258343069977 ,-1118.840332031250 ,-1127.174926757810 
0.237,0.974,-3.1,-2.6,0.261797323958 ,0.246014767168 ,0.258754970006 ,-1118.814819335930 ,-1126.978027343750 
0.289,0.026,-3.1,-2.6,0.261002580527 ,0.242677975627 ,0.254702222816 ,-1119.067382812500 ,-1127.451660156250 
0.289,0.079,-3.1,-2.6,0.261400328433 ,0.244325047014 ,0.256701857018 ,-1118.948486328120 ,-1127.387573242180 
0.289,0.132,-3.1,-2.6,0.261886829881 ,0.246306392266 ,0.259168984421 ,-1118.796386718750 ,-1127.028808593750 
0.289,0.184,-3.1,-2.6,0.261426454443 ,0.244817246555 ,0.257067830256 ,-1118.888183593750 ,-1127.412231445310 
0.289,0.237,-3.1,-2.6,0.261040491076 ,0.243096775707 ,0.255166290021 ,-1119.060058593750 ,-1127.363769531250 
0.289,0.289,-3.1,-2.6,0.261431337620 ,0.244297061371 ,0.256773453276 ,-1118.995971679680 ,-1127.367309570310 
0.289,0.342,-3.1,-2.6,0.261468875195 ,0.244964117371 ,0.257277429547 ,-1118.877075195310 ,-1127.438720703120 
0.289,0.395,-3.1,-2.6,0.261562640926 ,0.244912310242 ,0.257431260046 ,-1118.916381835930 ,-1127.323608398430 
0.289,0.447,-3.1,-2.6,0.261362156186 ,0.243938081849 ,0.256507063231 ,-1119.062744140620 ,-1127.318725585930 
0.289,0.5,-3.1,-2.6,0.261290669306 ,0.243734774524 ,0.256226649149 ,-1119.072631835930 ,-1127.334350585930 
0.289,0.553,-3.1,-2.6,0.260876097380 ,0.242730761357 ,0.254455621379 ,-1119.030151367180 ,-1127.394775390620 
0.289,0.605,-3.1,-2.6,0.261187550471 ,0.243326309561 ,0.255563557962 ,-1119.031738281250 ,-1127.427734375000 
0.289,0.658,-3.1,-2.6,0.261079747724 ,0.243158660731 ,0.255316410954 ,-1119.066040039060 ,-1127.365966796870 
0.289,0.711,-3.1,-2.6,0.261399189566 ,0.244109465138 ,0.256629271087 ,-1119.027343750000 ,-1127.363647460930 
0.289,0.763,-3.1,-2.6,0.261115480589 ,0.243041797563 ,0.255231027764 ,-1119.057250976560 ,-1127.435791015620 
0.289,0.816,-3.1,-2.6,0.261090223111 ,0.242686807346 ,0.254814217997 ,-1119.074462890620 ,-1127.482910156250 
0.289,0.868,-3.1,-2.6,0.260934393839 ,0.242981548146 ,0.254740385179 ,-1119.005859375000 ,-1127.468505859370 
0.289,0.921,-3.1,-2.6,0.261569029754 ,0.245136058640 ,0.257578873520 ,-1118.884277343750 ,-1127.132568359370 
0.289,0.974,-3.1,-2.6,0.261226922217 ,0.243822672944 ,0.255973277724 ,-1118.965087890620 ,-1127.397705078120 
0.342,0.026,-3.1,-2.6,0.260987718037 ,0.242609047928 ,0.254579872968 ,-1119.062377929680 ,-1127.463134765620 
0.342,0.079,-3.1,-2.6,0.261119307679 ,0.243762306206 ,0.255654443849 ,-1118.957763671870 ,-1127.432128906250 
0.342,0.132,-3.1,-2.6,0.261574298816 ,0.244984146327 ,0.257511074224 ,-1118.905029296870 ,-1127.252075195310 
0.342,0.184,-3.1,-2.6,0.260996564518 ,0.242841856214 ,0.254770102682 ,-1119.033325195310 ,-1127.440429687500 
0.342,0.237,-3.1,-2.6,0.261158867013 ,0.243183519362 ,0.255404442142 ,-1119.044555664060 ,-1127.437011718750 
0.342,0.289,-3.1,-2.6,0.261585098536 ,0.245202900570 ,0.257712238552 ,-1118.869262695310 ,-1127.320678710930 
0.342,0.342,-3.1,-2.6,0.261849436657 ,0.246183428552 ,0.258997906891 ,-1118.803955078120 ,-1127.017211914060 
0.342,0.395,-3.1,-2.6,0.261039808234 ,0.243462112167 ,0.255281682221 ,-1118.980224609370 ,-1127.451904296870 
0.342,0.447,-3.1,-2.6,0.261244416570 ,0.243559666181 ,0.255967358726 ,-1119.059936523430 ,-1127.370239257810 
0.342,0.5,-3.1,-2.6,0.261473145955 ,0.244741068000 ,0.257088366079 ,-1118.921264648430 ,-1127.140869140620 
0.342,0.553,-3.1,-2.6,0.261639694693 ,0.245428274628 ,0.257993911839 ,-1118.852416992180 ,-1127.378051757810 
0.342,0.605,-3.1,-2.6,0.261440157356 ,0.244398154247 ,0.256832177306 ,-1118.977294921870 ,-1127.204956054680 
0.342,0.658,-3.1,-2.6,0.261371832480 ,0.243926209757 ,0.256581399785 ,-1119.085205078120 ,-1127.098754882810 
0.342,0.711,-3.1,-2.6,0.261064596636 ,0.243244788932 ,0.255288962122 ,-1119.045043945310 ,-1127.345092773430 
0.342,0.763,-3.1,-2.6,0.261025620631 ,0.243112593047 ,0.255030623738 ,-1119.006103515620 ,-1127.419433593750 
0.342,0.816,-3.1,-2.6,0.261196279244 ,0.243379269328 ,0.255687783815 ,-1119.049438476560 ,-1127.350341796870 
0.342,0.868,-3.1,-2.6,0.261229704523 ,0.243626952185 ,0.255969816450 ,-1119.058105468750 ,-1127.338378906250 
0.342,0.921,-3.1,-2.6,0.261303112014 ,0.243740953682 ,0.256192105559 ,-1119.043090820310 ,-1127.380981445310 
0.342,0.974,-3.1,-2.6,0.261060331251 ,0.242693363216 ,0.254785503228 ,-1119.070678710930 ,-1127.472778320310 
0.395,0.026,-3.1,-2.6,0.261186434370 ,0.243401654463 ,0.255735842345 ,-1119.065795898430 ,-1127.364501953120 
0.395,0.079,-3.1,-2.6,0.261369680019 ,0.243977587198 ,0.256525406398 ,-1119.052246093750 ,-1127.328857421870 
0.395,0.132,-3.1,-2.6,0.261082758117 ,0.243013131554 ,0.255176342302 ,-1119.062622070310 ,-1127.381347656250 
0.395,0.184,-3.1,-2.6,0.261089766008 ,0.242701437261 ,0.254827277061 ,-1119.072875976560 ,-1127.481323242180 
0.395,0.237,-3.1,-2.6,0.260875706271 ,0.242645396480 ,0.254396056287 ,-1119.038330078120 ,-1127.375854492180 
0.395,0.289,-3.1,-2.6,0.261416100311 ,0.244608767400 ,0.256869205208 ,-1118.923828125000 ,-1127.151245117180 
0.395,0.342,-3.1,-2.6,0.261327800512 ,0.244053695496 ,0.256359990828 ,-1118.965576171870 ,-1127.411376953120 
0.395,0.395,-3.1,-2.6,0.261007989138 ,0.242622512266 ,0.254634501646 ,-1119.067138671870 ,-1127.465576171870 
0.395,0.447,-3.1,-2.6,0.261256314872 ,0.243779599496 ,0.256014569631 ,-1118.982666015620 ,-1127.404418945310 
0.395,0.5,-3.1,-2.6,0.261791646088 ,0.245996404247 ,0.258736192983 ,-1118.815185546870 ,-1127.242675781250 
0.395,0.553,-3.1,-2.6,0.261515243765 ,0.245108109772 ,0.257491229991 ,-1118.867553710930 ,-1127.442871093750 
0.395,0.605,-3.1,-2.6,0.260929156627 ,0.242837231317 ,0.254697359791 ,-1119.049682617180 ,-1127.333007812500 
0.395,0.658,-3.1,-2.6,0.261429450701 ,0.244221829345 ,0.256742444821 ,-1119.005126953120 ,-1127.299072265620 
0.395,0.711,-3.1,-2.6,0.261593362487 ,0.245340975552 ,0.257803438060 ,-1118.858276367180 ,-1127.232421875000 
0.395,0.763,-3.1,-2.6,0.261645697151 ,0.245317082201 ,0.257890316285 ,-1118.875122070310 ,-1127.210815429680 
0.395,0.816,-3.1,-2.6,0.261325550695 ,0.243915619686 ,0.256351291137 ,-1119.041381835930 ,-1127.321655273430 
0.395,0.868,-3.1,-2.6,0.261342187568 ,0.243874505887 ,0.256441441456 ,-1119.072143554680 ,-1127.313964843750 
0.395,0.921,-3.1,-2.6,0.260928316015 ,0.243017741293 ,0.254756052143 ,-1119.011352539060 ,-1127.422485351560 
0.395,0.974,-3.1,-2.6,0.261234004130 ,0.243621283923 ,0.255860781252 ,-1119.000244140620 ,-1127.412353515620 
0.447,0.026,-3.1,-2.6,0.261329044887 ,0.243823866168 ,0.256391599017 ,-1119.077758789060 ,-1127.107299804680 
0.447,0.079,-3.1,-2.6,0.261180833075 ,0.243585896973 ,0.255771721467 ,-1119.035644531250 ,-1127.278686523430 
0.447,0.132,-3.1,-2.6,0.261047081224 ,0.243377403760 ,0.255260782820 ,-1118.978759765620 ,-1127.382812500000 
0.447,0.184,-3.1,-2.6,0.261310531195 ,0.243784992481 ,0.256191362571 ,-1119.020874023430 ,-1127.325073242180 
0.447,0.237,-3.1,-2.6,0.261262739496 ,0.243653269573 ,0.256104835376 ,-1119.072753906250 ,-1127.335815429680 
0.447,0.289,-3.1,-2.6,0.261299217660 ,0.243722297400 ,0.256202196562 ,-1119.057373046870 ,-1127.344848632810 
0.447,0.342,-3.1,-2.6,0.261000298258 ,0.242634772970 ,0.254645079759 ,-1119.067504882810 ,-1127.459350585930 
0.447,0.395,-3.1,-2.6,0.261033430733 ,0.242667606637 ,0.254724024688 ,-1119.069213867180 ,-1127.467285156250 
0.447,0.447,-3.1,-2.6,0.260979042323 ,0.243211079948 ,0.254991019812 ,-1119.001220703120 ,-1127.434082031250 
0.447,0.5,-3.1,-2.6,0.261540772740 ,0.244810178582 ,0.257311540822 ,-1118.929809570310 ,-1127.352905273430 
0.447,0.553,-3.1,-2.6,0.261089630742 ,0.243070710468 ,0.255138351604 ,-1119.029052734370 ,-1127.440917968750 
0.447,0.605,-3.1,-2.6,0.261103736402 ,0.242900711260 ,0.255051193139 ,-1119.059814453120 ,-1127.461303710930 
0.447,0.658,-3.1,-2.6,0.261394300620 ,0.244556740888 ,0.256847374739 ,-1118.908325195310 ,-1127.370849609370 
0.447,0.711,-3.1,-2.6,0.261849891265 ,0.246165976049 ,0.258980267280 ,-1118.806030273430 ,-1127.292480468750 
0.447,0.763,-3.1,-2.6,0.261080981233 ,0.243633918980 ,0.255496477182 ,-1118.959716796870 ,-1127.434936523430 
0.447,0.816,-3.1,-2.6,0.261117378847 ,0.243188056033 ,0.255415831703 ,-1119.064819335930 ,-1127.356323242180 
0.447,0.868,-3.1,-2.6,0.261537500688 ,0.244845519218 ,0.257317087628 ,-1118.924316406250 ,-1127.347167968750 
0.447,0.921,-3.1,-2.6,0.261745853814 ,0.245834334018 ,0.258519672996 ,-1118.825073242180 ,-1127.320068359370 
0.447,0.974,-3.1,-2.6,0.261458446784 ,0.244616219230 ,0.256979227130 ,-1118.939697265620 ,-1127.165039062500 
0.5,0.026,-3.1,-2.6,0.261360850400 ,0.243956097056 ,0.256429796363 ,-1119.019653320310 ,-1127.343627929680 
0.5,0.079,-3.1,-2.6,0.261677370779 ,0.245549006085 ,0.258126476278 ,-1118.850463867180 ,-1126.985839843750 
0.5,0.132,-3.1,-2.6,0.261737149179 ,0.245721776482 ,0.258390405420 ,-1118.839599609370 ,-1127.186645507810 
0.5,0.184,-3.1,-2.6,0.261266175042 ,0.243869312325 ,0.256121276918 ,-1119.015258789060 ,-1127.341674804680 
0.5,0.237,-3.1,-2.6,0.261367618823 ,0.243930486421 ,0.256535945430 ,-1119.070678710930 ,-1127.324707031250 
0.5,0.289,-3.1,-2.6,0.261042904698 ,0.243426334611 ,0.255269510474 ,-1118.991088867180 ,-1127.359985351560 
0.5,0.342,-3.1,-2.6,0.261281602671 ,0.243950391045 ,0.256184217851 ,-1118.964233398430 ,-1127.394409179680 
0.5,0.395,-3.1,-2.6,0.261299955755 ,0.243727395853 ,0.256191763925 ,-1119.050292968750 ,-1127.364013671870 
0.5,0.447,-3.1,-2.6,0.261359795113 ,0.243916912215 ,0.256510069228 ,-1119.071289062500 ,-1127.304687500000 
0.5,0.5,-3.1,-2.6,0.261056550391 ,0.243007825189 ,0.255143165777 ,-1119.066406250000 ,-1127.290039062500 
0.5,0.553,-3.1,-2.6,0.261061541938 ,0.242707253291 ,0.254784182059 ,-1119.065307617180 ,-1127.475097656250 
0.5,0.605,-3.1,-2.6,0.260901791031 ,0.242576072588 ,0.254429818629 ,-1119.059570312500 ,-1127.372314453120 
0.5,0.658,-3.1,-2.6,0.261270324362 ,0.244083913657 ,0.256203575291 ,-1118.966186523430 ,-1127.142456054680 
0.5,0.711,-3.1,-2.6,0.261388614961 ,0.244172094813 ,0.256585080481 ,-1118.974975585930 ,-1127.409667968750 
0.5,0.763,-3.1,-2.6,0.261042001328 ,0.242666547441 ,0.254716374681 ,-1119.065795898430 ,-1127.473632812500 
0.5,0.816,-3.1,-2.6,0.261133959859 ,0.243276910894 ,0.255388111152 ,-1119.014892578120 ,-1127.427490234370 
0.5,0.868,-3.1,-2.6,0.261621035992 ,0.245449217678 ,0.257968207455 ,-1118.847290039060 ,-1127.298095703120 
0.5,0.921,-3.1,-2.6,0.261604751435 ,0.245349706459 ,0.257865460546 ,-1118.854736328120 ,-1127.316894531250 
0.5,0.974,-3.1,-2.6,0.260875869178 ,0.242722870525 ,0.254463361977 ,-1119.036987304680 ,-1127.381713867180 
0.553,0.026,-3.1,-2.6,0.261194412439 ,0.243856034155 ,0.255921204250 ,-1118.951416015620 ,-1127.408935546870 
0.553,0.079,-3.1,-2.6,0.261780456730 ,0.245924900923 ,0.258641087717 ,-1118.822753906250 ,-1126.972656250000 
0.553,0.132,-3.1,-2.6,0.261174570765 ,0.243905200715 ,0.255904358746 ,-1118.942138671870 ,-1127.384521484370 
0.553,0.184,-3.1,-2.6,0.261004457164 ,0.242848894974 ,0.254900296499 ,-1119.067016601560 ,-1127.402709960930 
0.553,0.237,-3.1,-2.6,0.261524790512 ,0.244717794138 ,0.257225849505 ,-1118.938110351560 ,-1127.317016601560 
0.553,0.289,-3.1,-2.6,0.261828271036 ,0.246118778152 ,0.258903178184 ,-1118.807983398430 ,-1127.017944335930 
0.553,0.342,-3.1,-2.6,0.261493884354 ,0.244878512661 ,0.257228501874 ,-1118.903442382810 ,-1127.144409179680 
0.553,0.395,-3.1,-2.6,0.261241788590 ,0.243624054374 ,0.256020035260 ,-1119.066772460930 ,-1127.343505859370 
0.553,0.447,-3.1,-2.6,0.261297288064 ,0.243892539847 ,0.256239208578 ,-1119.028686523430 ,-1127.330688476560 
0.553,0.5,-3.1,-2.6,0.261122648751 ,0.243760920206 ,0.255683127268 ,-1118.950439453120 ,-1127.444091796870 
0.553,0.553,-3.1,-2.6,0.261403241123 ,0.244187440505 ,0.256635693636 ,-1118.982666015620 ,-1127.323852539060 
0.553,0.605,-3.1,-2.6,0.261317112584 ,0.243774009855 ,0.256319114100 ,-1119.073608398430 ,-1127.336181640620 
0.553,0.658,-3.1,-2.6,0.261307744662 ,0.243745661907 ,0.256266110913 ,-1119.069091796870 ,-1127.339477539060 
0.553,0.711,-3.1,-2.6,0.260929932049 ,0.242579547430 ,0.254482909129 ,-1119.062866210930 ,-1127.390258789060 
0.553,0.763,-3.1,-2.6,0.261084163636 ,0.242814393356 ,0.254944557538 ,-1119.065551757810 ,-1127.464721679680 
0.553,0.816,-3.1,-2.6,0.260923281469 ,0.242894028415 ,0.254697174022 ,-1119.036499023430 ,-1127.318847656250 
0.553,0.868,-3.1,-2.6,0.261476753169 ,0.244544742187 ,0.256999522815 ,-1118.960571289060 ,-1127.257934570310 
0.553,0.921,-3.1,-2.6,0.261163953430 ,0.243261914497 ,0.255453265274 ,-1119.029541015620 ,-1127.433715820310 
0.553,0.974,-3.1,-2.6,0.261086887194 ,0.242745399168 ,0.254870515002 ,-1119.069580078120 ,-1127.475219726560 
0.605,0.026,-3.1,-2.6,0.261164263826 ,0.243660403854 ,0.255725273983 ,-1119.006713867180 ,-1127.324584960930 
0.605,0.079,-3.1,-2.6,0.261409035649 ,0.244178119338 ,0.256652132889 ,-1118.991577148430 ,-1127.359130859370 
0.605,0.132,-3.1,-2.6,0.261078132072 ,0.242749210032 ,0.254851913069 ,-1119.065063476560 ,-1127.474243164060 
0.605,0.184,-3.1,-2.6,0.261058921728 ,0.242904804592 ,0.254945061533 ,-1119.041381835930 ,-1127.453002929680 
0.605,0.237,-3.1,-2.6,0.261402477790 ,0.244739789997 ,0.256980167907 ,-1118.889770507810 ,-1127.422729492180 
0.605,0.289,-3.1,-2.6,0.261663112288 ,0.245467834617 ,0.258065702403 ,-1118.853271484370 ,-1127.346801757810 
0.605,0.342,-3.1,-2.6,0.260893810666 ,0.242780205363 ,0.254519081891 ,-1119.023437500000 ,-1127.352294921870 
0.605,0.395,-3.1,-2.6,0.261256205297 ,0.243581514352 ,0.255947382840 ,-1119.036621093750 ,-1127.323486328120 
0.605,0.447,-3.1,-2.6,0.261690930872 ,0.245522185220 ,0.258139199564 ,-1118.856445312500 ,-1127.140258789060 
0.605,0.5,-3.1,-2.6,0.261824391940 ,0.246074049504 ,0.258851933847 ,-1118.812622070310 ,-1126.999145507810 
0.605,0.553,-3.1,-2.6,0.261210574724 ,0.243853915717 ,0.255933708088 ,-1118.987060546870 ,-1127.130126953120 
0.605,0.605,-3.1,-2.6,0.261342968133 ,0.243847118981 ,0.256418743747 ,-1119.069580078120 ,-1127.338745117180 
0.605,0.658,-3.1,-2.6,0.261193433790 ,0.243875562613 ,0.255894266795 ,-1118.973144531250 ,-1127.108764648430 
0.605,0.711,-3.1,-2.6,0.261349585381 ,0.244339354671 ,0.256598541997 ,-1118.926513671870 ,-1127.371826171870 
0.605,0.763,-3.1,-2.6,0.261393357481 ,0.244061907727 ,0.256581559271 ,-1119.022705078120 ,-1127.288330078120 
0.605,0.816,-3.1,-2.6,0.261366636225 ,0.243916671601 ,0.256556630723 ,-1119.082763671870 ,-1127.097900390620 
0.605,0.868,-3.1,-2.6,0.261061806498 ,0.243083239094 ,0.255221846181 ,-1119.067016601560 ,-1127.297851562500 
0.605,0.921,-3.1,-2.6,0.261008381464 ,0.242704751245 ,0.254686091996 ,-1119.053100585930 ,-1127.461059570310 
0.605,0.974,-3.1,-2.6,0.260988674174 ,0.242731696938 ,0.254749201606 ,-1119.066894531250 ,-1127.376953125000 
0.658,0.026,-3.1,-2.6,0.261329140260 ,0.243810234914 ,0.256381764663 ,-1119.077270507810 ,-1127.337280273430 
0.658,0.079,-3.1,-2.6,0.260884323039 ,0.242600927488 ,0.254415468161 ,-1119.055175781250 ,-1127.374755859370 
0.658,0.132,-3.1,-2.6,0.261117619772 ,0.242989747725 ,0.255146817400 ,-1119.051513671870 ,-1127.456298828120 
0.658,0.184,-3.1,-2.6,0.260955405501 ,0.242846686059 ,0.254785978173 ,-1119.059448242180 ,-1127.343383789060 
0.658,0.237,-3.1,-2.6,0.261404254772 ,0.244254046485 ,0.256673725977 ,-1118.994140625000 ,-1127.201171875000 
0.658,0.289,-3.1,-2.6,0.261201071081 ,0.243366716404 ,0.255637178280 ,-1119.035278320310 ,-1127.421875000000 
0.658,0.342,-3.1,-2.6,0.261092829338 ,0.242693392141 ,0.254824860524 ,-1119.074462890620 ,-1127.482788085930 
0.658,0.395,-3.1,-2.6,0.261030050168 ,0.243229607467 ,0.255122412704 ,-1118.992553710930 ,-1127.432006835930 
0.658,0.447,-3.1,-2.6,0.261642565082 ,0.245471044828 ,0.257998148422 ,-1118.852783203120 ,-1126.996704101560 
0.658,0.5,-3.1,-2.6,0.261292571367 ,0.244205064050 ,0.256379915440 ,-1118.929687500000 ,-1127.371704101560 
0.658,0.553,-3.1,-2.6,0.260939804472 ,0.242630476468 ,0.254562536382 ,-1119.064941406250 ,-1127.375976562500 
0.658,0.605,-3.1,-2.6,0.261444738552 ,0.244388371502 ,0.256848263547 ,-1118.961303710930 ,-1127.338500976560 
0.658,0.658,-3.1,-2.6,0.261860470959 ,0.246210434027 ,0.259036172398 ,-1118.802978515620 ,-1126.983886718750 
0.658,0.711,-3.1,-2.6,0.261554819723 ,0.245183142506 ,0.257593643390 ,-1118.871704101560 ,-1127.144409179680 
0.658,0.763,-3.1,-2.6,0.261124293027 ,0.243368626811 ,0.255532763452 ,-1119.052978515620 ,-1127.348876953120 
0.658,0.816,-3.1,-2.6,0.261379908174 ,0.244081006166 ,0.256559982048 ,-1119.026245117180 ,-1127.357299804680 
0.658,0.868,-3.1,-2.6,0.261245827164 ,0.244221241572 ,0.256258050532 ,-1118.923217773430 ,-1127.424194335930 
0.658,0.921,-3.1,-2.6,0.261485840786 ,0.244592850921 ,0.257065876638 ,-1118.939453125000 ,-1127.326660156250 
0.658,0.974,-3.1,-2.6,0.261363629990 ,0.243917992108 ,0.256497066934 ,-1119.062377929680 ,-1127.314208984370 
0.711,0.026,-3.1,-2.6,0.261341488276 ,0.244264919101 ,0.256485309514 ,-1118.961303710930 ,-1127.164794921870 
0.711,0.079,-3.1,-2.6,0.261445785296 ,0.244784271213 ,0.257119192573 ,-1118.890747070310 ,-1127.352783203120 
0.711,0.132,-3.1,-2.6,0.261459655286 ,0.244376881543 ,0.256886556182 ,-1118.985839843750 ,-1127.293334960930 
0.711,0.184,-3.1,-2.6,0.261374607500 ,0.243932877046 ,0.256592137131 ,-1119.083740234370 ,-1127.086669921870 
0.711,0.237,-3.1,-2.6,0.261107433593 ,0.243256919891 ,0.255446137792 ,-1119.064453125000 ,-1127.364257812500 
0.711,0.289,-3.1,-2.6,0.260952594461 ,0.242737264725 ,0.254604493290 ,-1119.036865234370 ,-1127.439086914060 
0.711,0.342,-3.1,-2.6,0.261100212971 ,0.243029002863 ,0.255207785478 ,-1119.059936523430 ,-1127.394653320310 
0.711,0.395,-3.1,-2.6,0.261120611063 ,0.243414206713 ,0.255524203444 ,-1119.040161132810 ,-1127.340698242180 
0.711,0.447,-3.1,-2.6,0.261402016262 ,0.244108802933 ,0.256616085694 ,-1119.011840820310 ,-1127.444335937500 
0.711,0.5,-3.1,-2.6,0.261091151597 ,0.242807586413 ,0.254939984434 ,-1119.065307617180 ,-1127.468872070310 
0.711,0.553,-3.1,-2.6,0.261037091800 ,0.242705139527 ,0.254738943649 ,-1119.059692382810 ,-1127.468627929680 
0.711,0.605,-3.1,-2.6,0.261179520027 ,0.243985980309 ,0.255957027726 ,-1118.936523437500 ,-1127.427368164060 
0.711,0.658,-3.1,-2.6,0.261666538938 ,0.245412426906 ,0.258013373670 ,-1118.864624023430 ,-1127.246948242180 
0.711,0.711,-3.1,-2.6,0.260972197568 ,0.242979853217 ,0.254821165518 ,-1119.011108398430 ,-1127.368652343750 
0.711,0.763,-3.1,-2.6,0.261154963055 ,0.243203792084 ,0.255446674703 ,-1119.051391601560 ,-1127.389160156250 
0.711,0.816,-3.1,-2.6,0.261621991154 ,0.245241607461 ,0.257802571947 ,-1118.876220703120 ,-1127.190429687500 
0.711,0.868,-3.1,-2.6,0.261887806035 ,0.246309505839 ,0.259172072167 ,-1118.796264648430 ,-1127.012207031250 
0.711,0.921,-3.1,-2.6,0.261187288747 ,0.243922937186 ,0.255905419436 ,-1118.959472656250 ,-1127.202148437500 
0.711,0.974,-3.1,-2.6,0.261258171723 ,0.243608321877 ,0.256055045614 ,-1119.068847656250 ,-1127.343017578120 
0.763,0.026,-3.1,-2.6,0.261818714532 ,0.246055804817 ,0.258833242623 ,-1118.812988281250 ,-1127.295776367180 
0.763,0.079,-3.1,-2.6,0.261634790515 ,0.245493498843 ,0.258015706598 ,-1118.846679687500 ,-1127.269409179680 
0.763,0.132,-3.1,-2.6,0.261010986170 ,0.243138836347 ,0.255072636052 ,-1119.036987304680 ,-1127.361206054680 
0.763,0.184,-3.1,-2.6,0.261400630458 ,0.244087542351 ,0.256625588106 ,-1119.029785156250 ,-1127.355712890620 
0.763,0.237,-3.1,-2.6,0.261390915953 ,0.244675707357 ,0.256877316993 ,-1118.900634765620 ,-1127.259399414060 
0.763,0.289,-3.1,-2.6,0.261573745014 ,0.245020105301 ,0.257541580599 ,-1118.896362304680 ,-1127.199584960930 
0.763,0.342,-3.1,-2.6,0.261382290998 ,0.244035592600 ,0.256566775857 ,-1119.040283203120 ,-1127.344604492180 
0.763,0.395,-3.1,-2.6,0.261355923406 ,0.243887686121 ,0.256509622595 ,-1119.081909179680 ,-1127.074829101560 
0.763,0.447,-3.1,-2.6,0.260893836643 ,0.242758801308 ,0.254545130808 ,-1119.043579101560 ,-1127.395507812500 
0.763,0.5,-3.1,-2.6,0.261130707325 ,0.243175080676 ,0.255308919722 ,-1119.028564453120 ,-1127.437744140620 
0.763,0.553,-3.1,-2.6,0.261054239090 ,0.243033225203 ,0.255164800622 ,-1119.067138671870 ,-1127.453125000000 
0.763,0.605,-3.1,-2.6,0.261344859501 ,0.244006278412 ,0.256425765502 ,-1119.026733398430 ,-1127.332763671870 
0.763,0.658,-3.1,-2.6,0.261202926864 ,0.243386917540 ,0.255690273386 ,-1119.044433593750 ,-1127.407958984370 
0.763,0.711,-3.1,-2.6,0.261096562967 ,0.242689175945 ,0.254825673704 ,-1119.075561523430 ,-1127.483764648430 
0.763,0.763,-3.1,-2.6,0.260933978433 ,0.242785911998 ,0.254603081798 ,-1119.027343750000 ,-1127.425537109370 
0.763,0.816,-3.1,-2.6,0.261460361234 ,0.244870241404 ,0.257159437005 ,-1118.892333984370 ,-1127.133056640620 
0.763,0.868,-3.1,-2.6,0.261399725567 ,0.244450508454 ,0.256783983380 ,-1118.925903320310 ,-1127.365356445310 
0.763,0.921,-3.1,-2.6,0.260934318283 ,0.242566810064 ,0.254463260107 ,-1119.060302734370 ,-1127.447509765620 
0.763,0.974,-3.1,-2.6,0.261328056349 ,0.243938391138 ,0.256295972932 ,-1118.989135742180 ,-1127.386840820310 
0.816,0.026,-3.1,-2.6,0.261611574850 ,0.245181781621 ,0.257712050439 ,-1118.888549804680 ,-1127.353271484370 
0.816,0.079,-3.1,-2.6,0.261082717677 ,0.243253369660 ,0.255255901345 ,-1119.002319335930 ,-1127.420166015620 
0.816,0.132,-3.1,-2.6,0.261086333032 ,0.242907615317 ,0.255053619046 ,-1119.062011718750 ,-1127.447753906250 
0.816,0.184,-3.1,-2.6,0.261484084118 ,0.244748829664 ,0.257170811231 ,-1118.907470703120 ,-1127.360351562500 
0.816,0.237,-3.1,-2.6,0.261904246596 ,0.246365346611 ,0.259250212467 ,-1118.792602539060 ,-1127.031005859370 
0.816,0.289,-3.1,-2.6,0.261213587706 ,0.244098348526 ,0.256091424235 ,-1118.934448242180 ,-1127.408325195310 
0.816,0.342,-3.1,-2.6,0.261129990305 ,0.243264069247 ,0.255512704092 ,-1119.067993164060 ,-1127.375610351560 
0.816,0.395,-3.1,-2.6,0.261448237472 ,0.244502987218 ,0.256896798828 ,-1118.958496093750 ,-1127.180908203120 
0.816,0.447,-3.1,-2.6,0.261561901157 ,0.245239893913 ,0.257692794057 ,-1118.859863281250 ,-1127.302246093750 
0.816,0.5,-3.1,-2.6,0.261511230853 ,0.244684957192 ,0.257163497461 ,-1118.944824218750 ,-1127.360717773430 
0.816,0.553,-3.1,-2.6,0.261361833797 ,0.243911407521 ,0.256529344985 ,-1119.076782226560 ,-1127.087524414060 
0.816,0.605,-3.1,-2.6,0.261184989586 ,0.243498822329 ,0.255783174147 ,-1119.060302734370 ,-1127.347167968750 
0.816,0.658,-3.1,-2.6,0.260926914108 ,0.242865848224 ,0.254645270522 ,-1119.016967773430 ,-1127.423095703120 
0.816,0.711,-3.1,-2.6,0.261205495035 ,0.243385176791 ,0.255676932344 ,-1119.039672851560 ,-1127.382080078120 
0.816,0.763,-3.1,-2.6,0.261143281881 ,0.243372691609 ,0.255604789853 ,-1119.062500000000 ,-1127.323852539060 
0.816,0.816,-3.1,-2.6,0.261383771265 ,0.244015053773 ,0.256546813546 ,-1119.033447265620 ,-1127.354003906250 
0.816,0.868,-3.1,-2.6,0.261068055061 ,0.242805041112 ,0.254920302392 ,-1119.065795898430 ,-1127.458496093750 
0.816,0.921,-3.1,-2.6,0.261053133469 ,0.242659991704 ,0.254732586616 ,-1119.069946289060 ,-1127.475952148430 
0.816,0.974,-3.1,-2.6,0.260998002109 ,0.243319645981 ,0.255101335147 ,-1118.981933593750 ,-1127.446166992180 
0.868,0.026,-3.1,-2.6,0.261188722969 ,0.243370399008 ,0.255681282490 ,-1119.054077148430 ,-1127.294433593750 
0.868,0.079,-3.1,-2.6,0.261075875050 ,0.242677624270 ,0.254784097496 ,-1119.072631835930 ,-1127.480468750000 
0.868,0.132,-3.1,-2.6,0.260916927881 ,0.242581108458 ,0.254429637758 ,-1119.052124023430 ,-1127.443115234370 
0.868,0.184,-3.1,-2.6,0.261271545347 ,0.244225578720 ,0.256292557536 ,-1118.936889648430 ,-1127.208007812500 
0.868,0.237,-3.1,-2.6,0.261468893295 ,0.244579456896 ,0.257020216155 ,-1118.932373046870 ,-1127.335937500000 
0.868,0.289,-3.1,-2.6,0.260976773264 ,0.242636691459 ,0.254576220293 ,-1119.055175781250 ,-1127.458007812500 
0.868,0.342,-3.1,-2.6,0.261211952108 ,0.243471470364 ,0.255713488533 ,-1119.016845703120 ,-1127.418823242180 
0.868,0.395,-3.1,-2.6,0.261694185740 ,0.245641818029 ,0.258267566274 ,-1118.837524414060 ,-1127.282348632810 
0.868,0.447,-3.1,-2.6,0.261714581255 ,0.245749085281 ,0.258389054110 ,-1118.829711914060 ,-1127.320922851560 
0.868,0.5,-3.1,-2.6,0.260939773811 ,0.243019505118 ,0.254794437807 ,-1119.020141601560 ,-1127.320190429680 
0.868,0.553,-3.1,-2.6,0.261350133273 ,0.243896528172 ,0.256398223425 ,-1119.037963867180 ,-1127.368896484370 
0.868,0.605,-3.1,-2.6,0.261521237701 ,0.245027110308 ,0.257398805967 ,-1118.886840820310 ,-1127.187377929680 
0.868,0.658,-3.1,-2.6,0.261672441792 ,0.245463186796 ,0.258072943359 ,-1118.857421875000 ,-1127.244628906250 
0.868,0.711,-3.1,-2.6,0.261371703373 ,0.244120970536 ,0.256535263214 ,-1119.010864257810 ,-1127.183593750000 
0.868,0.763,-3.1,-2.6,0.261372086776 ,0.243929806581 ,0.256577792214 ,-1119.083007812500 ,-1127.083496093750 
0.868,0.816,-3.1,-2.6,0.260968137053 ,0.243061227856 ,0.254902897678 ,-1119.028808593750 ,-1127.450073242180 
0.868,0.868,-3.1,-2.6,0.261138988623 ,0.243391296514 ,0.255479209858 ,-1119.000000000000 ,-1127.418457031250 
0.868,0.921,-3.1,-2.6,0.261183172216 ,0.243367604612 ,0.255681737384 ,-1119.058593750000 ,-1127.354370117180 
0.868,0.974,-3.1,-2.6,0.261314792211 ,0.243852926420 ,0.256314495934 ,-1119.054199218750 ,-1127.315429687500 
0.921,0.026,-3.1,-2.6,0.260958063553 ,0.243133821006 ,0.254892812750 ,-1118.994140625000 ,-1127.466308593750 
0.921,0.079,-3.1,-2.6,0.261291147012 ,0.243752793823 ,0.256098619109 ,-1119.007934570310 ,-1127.334960937500 
0.921,0.132,-3.1,-2.6,0.261214381854 ,0.243502145470 ,0.255882939640 ,-1119.070556640620 ,-1127.339233398430 
0.921,0.184,-3.1,-2.6,0.261367820447 ,0.243939829927 ,0.256500695712 ,-1119.053588867180 ,-1127.355712890620 
0.921,0.237,-3.1,-2.6,0.261016737340 ,0.242755594301 ,0.254810599936 ,-1119.066772460930 ,-1127.440551757810 
0.921,0.289,-3.1,-2.6,0.261078903084 ,0.242707659484 ,0.254823086224 ,-1119.071777343750 ,-1127.477416992180 
0.921,0.342,-3.1,-2.6,0.260893540171 ,0.242855617808 ,0.254575632974 ,-1119.021118164060 ,-1127.379638671870 
0.921,0.395,-3.1,-2.6,0.261514531545 ,0.244821831172 ,0.257241094407 ,-1118.921386718750 ,-1127.157470703120 
0.921,0.447,-3.1,-2.6,0.261190436314 ,0.243516525199 ,0.255684840263 ,-1118.999267578120 ,-1127.416137695310 
0.921,0.5,-3.1,-2.6,0.261059965089 ,0.242734496512 ,0.254832117888 ,-1119.068603515620 ,-1127.466552734370 
0.921,0.553,-3.1,-2.6,0.261312184037 ,0.244136658971 ,0.256377440152 ,-1118.945434570310 ,-1127.381713867180 
0.921,0.605,-3.1,-2.6,0.261852309713 ,0.246192700521 ,0.259007210284 ,-1118.803710937500 ,-1126.965454101560 
0.921,0.658,-3.1,-2.6,0.261288578479 ,0.244360167028 ,0.256460063487 ,-1118.912963867180 ,-1127.419677734370 
0.921,0.711,-3.1,-2.6,0.260998590531 ,0.242915415728 ,0.254948068015 ,-1119.065307617180 ,-1127.357910156250 
0.921,0.763,-3.1,-2.6,0.261486085103 ,0.244529943647 ,0.257023280102 ,-1118.965454101560 ,-1127.287719726560 
0.921,0.816,-3.1,-2.6,0.261676325786 ,0.245632479342 ,0.258216014552 ,-1118.837036132810 ,-1127.269287109370 
0.921,0.868,-3.1,-2.6,0.261566774978 ,0.245013709717 ,0.257490731693 ,-1118.904174804680 ,-1127.139892578120 
0.921,0.921,-3.1,-2.6,0.261312650769 ,0.243818987271 ,0.256313721212 ,-1119.064697265620 ,-1127.296020507810 
0.921,0.974,-3.1,-2.6,0.261274156426 ,0.243748065856 ,0.256151597957 ,-1119.056030273430 ,-1127.296630859370 
0.974,0.026,-3.1,-2.6,0.261773117564 ,0.245878594041 ,0.258600879996 ,-1118.825439453120 ,-1127.339477539060 
0.974,0.079,-3.1,-2.6,0.261349200144 ,0.244206820130 ,0.256483696057 ,-1118.978027343750 ,-1127.181884765620 
0.974,0.132,-3.1,-2.6,0.261355667835 ,0.243881402728 ,0.256498647287 ,-1119.079589843750 ,-1127.331787109370 
0.974,0.184,-3.1,-2.6,0.261092621742 ,0.243455680494 ,0.255432062337 ,-1119.013427734370 ,-1127.011962890620 
0.974,0.237,-3.1,-2.6,0.261166800540 ,0.243677938408 ,0.255738358125 ,-1118.967895507810 ,-1127.398437500000 
0.974,0.289,-3.1,-2.6,0.261307281818 ,0.243758846854 ,0.256197531337 ,-1119.035644531250 ,-1127.345214843750 
0.974,0.342,-3.1,-2.6,0.261318092456 ,0.243811099707 ,0.256342730559 ,-1119.072631835930 ,-1127.137573242180 
0.974,0.395,-3.1,-2.6,0.261181912654 ,0.243376759288 ,0.255697990440 ,-1119.062500000000 ,-1127.306884765620 
0.974,0.447,-3.1,-2.6,0.261022967514 ,0.242635526976 ,0.254662044860 ,-1119.066528320310 ,-1127.470336914060 
0.974,0.5,-3.1,-2.6,0.260964343114 ,0.242602325493 ,0.254559880902 ,-1119.065429687500 ,-1127.449951171870 
0.974,0.553,-3.1,-2.6,0.261115933690 ,0.243652072848 ,0.255576533445 ,-1118.981567382810 ,-1127.199951171870 
0.974,0.605,-3.1,-2.6,0.261491617001 ,0.244574160966 ,0.257067287466 ,-1118.948730468750 ,-1127.301635742180 
0.974,0.658,-3.1,-2.6,0.261041862113 ,0.242783065081 ,0.254812546976 ,-1119.051513671870 ,-1127.462524414060 
0.974,0.711,-3.1,-2.6,0.261126094743 ,0.243080604802 ,0.255231208272 ,-1119.040893554680 ,-1127.448120117180 
0.974,0.763,-3.1,-2.6,0.261502462823 ,0.237607168838 ,0.257405050820 ,-1118.874511718750 ,-1127.410888671870 
0.974,0.816,-3.1,-2.6,0.261766442336 ,0.245879807774 ,0.258593997167 ,-1118.823608398430 ,-1127.285522460930 
0.974,0.868,-3.1,-2.6,0.260934624017 ,0.243056710050 ,0.254790155405 ,-1119.002685546870 ,-1127.454711914060 
0.974,0.921,-3.1,-2.6,0.261247489211 ,0.243560796501 ,0.255946193182 ,-1119.048706054680 ,-1127.354248046870 
0.974,0.974,-3.1,-2.6,0.261599993611 ,0.245189238813 ,0.257686300624 ,-1118.884887695310 ,-1127.163818359370 
