shift_a,shift_b,shift_c,fgw_distance,relaxed_energy
0.000,0.000,-1.300,0.220726872496,-489.073608398438
0.000,0.043,-1.300,0.221032487640,-489.075317382812
0.000,0.087,-1.300,0.221098071447,-489.067565917969
0.000,0.130,-1.300,0.221266589762,-489.070678710938
0.000,0.174,-1.300,0.220971844587,-489.074523925781
0.000,0.217,-1.300,0.221375791492,-489.055267333984
0.000,0.261,-1.300,0.221589264666,-489.049560546875
0.000,0.304,-1.300,0.221176577867,-489.068725585938
0.000,0.348,-1.300,0.221055285357,-489.073364257812
0.000,0.391,-1.300,0.221290446497,-489.067993164062
0.000,0.435,-1.300,0.221066867841,-489.072265625000
0.000,0.478,-1.300,0.220785343947,-489.081787109375
0.000,0.522,-1.300,0.220785343947,-489.081420898438
0.000,0.565,-1.300,0.221066867841,-489.072265625000
0.000,0.609,-1.300,0.221290446497,-489.067932128906
0.000,0.652,-1.300,0.221055285357,-489.073364257812
0.000,0.696,-1.300,0.221176577867,-489.068725585938
0.000,0.739,-1.300,0.221589264666,-489.049224853516
0.000,0.783,-1.300,0.221375791492,-489.055267333984
0.000,0.826,-1.300,0.220971844587,-489.074523925781
0.000,0.870,-1.300,0.221266589762,-489.070343017578
0.000,0.913,-1.300,0.221098071447,-489.067565917969
0.000,0.957,-1.300,0.221032487640,-489.074981689453
0.043,0.000,-1.300,0.221032487640,-489.074951171875
0.043,0.043,-1.300,0.221191268498,-489.069824218750
0.043,0.087,-1.300,0.221038387618,-489.073577880859
0.043,0.130,-1.300,0.220757343894,-489.081848144531
0.043,0.174,-1.300,0.220827120185,-489.081115722656
0.043,0.217,-1.300,0.221105071894,-489.069458007812
0.043,0.261,-1.300,0.221361980613,-489.057800292969
0.043,0.304,-1.300,0.221052349992,-489.073883056641
0.043,0.348,-1.300,0.221140930177,-489.068054199219
0.043,0.391,-1.300,0.221586818684,-489.049224853516
0.043,0.435,-1.300,0.221398130875,-489.054534912109
0.043,0.478,-1.300,0.220928207977,-489.074829101562
0.043,0.522,-1.300,0.221207781486,-489.072326660156
0.043,0.565,-1.300,0.221056186288,-489.070709228516
0.043,0.609,-1.300,0.220950075780,-489.076019287109
0.043,0.652,-1.300,0.220728552620,-489.085723876953
0.043,0.696,-1.300,0.221119126742,-489.073852539062
0.043,0.739,-1.300,0.221162703186,-489.064788818359
0.043,0.783,-1.300,0.221264546894,-489.069366455078
0.043,0.826,-1.300,0.221004179907,-489.074554443359
0.043,0.870,-1.300,0.221337973378,-489.055236816406
0.043,0.913,-1.300,0.221555213585,-489.050445556641
0.043,0.957,-1.300,0.221191268498,-489.069824218750
0.087,0.000,-1.300,0.221098071447,-489.067901611328
0.087,0.043,-1.300,0.221555213585,-489.050415039062
0.087,0.087,-1.300,0.221395336080,-489.056030273438
0.087,0.130,-1.300,0.220878068998,-489.076049804688
0.087,0.174,-1.300,0.221099392645,-489.074584960938
0.087,0.217,-1.300,0.221035780636,-489.073791503906
0.087,0.261,-1.300,0.220891165706,-489.076293945312
0.087,0.304,-1.300,0.220736710478,-489.082366943359
0.087,0.348,-1.300,0.221198800672,-489.072631835938
0.087,0.391,-1.300,0.221245270013,-489.055480957031
0.087,0.435,-1.300,0.221217226403,-489.068115234375
0.087,0.478,-1.300,0.221023162163,-489.075561523438
0.087,0.522,-1.300,0.221303341435,-489.054809570312
0.087,0.565,-1.300,0.221486162065,-489.052276611328
0.087,0.609,-1.300,0.221180815754,-489.070953369141
0.087,0.652,-1.300,0.220978856852,-489.076477050781
0.087,0.696,-1.300,0.221089022649,-489.071716308594
0.087,0.739,-1.300,0.221015822959,-489.074401855469
0.087,0.783,-1.300,0.220756932397,-489.081481933594
0.087,0.826,-1.300,0.220874334890,-489.080474853516
0.087,0.870,-1.300,0.221158101570,-489.066894531250
0.087,0.913,-1.300,0.221395336080,-489.055725097656
0.087,0.957,-1.300,0.221038387618,-489.073577880859
0.130,0.000,-1.300,0.221266589762,-489.070678710938
0.130,0.043,-1.300,0.221337973378,-489.054901123047
0.130,0.087,-1.300,0.221158101570,-489.066894531250
0.130,0.130,-1.300,0.221029810209,-489.075592041016
0.130,0.174,-1.300,0.221291194594,-489.055175781250
0.130,0.217,-1.300,0.221392948137,-489.053436279297
0.130,0.261,-1.300,0.221148144329,-489.072631835938
0.130,0.304,-1.300,0.220903750676,-489.080139160156
0.130,0.348,-1.300,0.221010408317,-489.073364257812
0.130,0.391,-1.300,0.221001516859,-489.075195312500
0.130,0.435,-1.300,0.220796087170,-489.081512451172
0.130,0.478,-1.300,0.220924128702,-489.079589843750
0.130,0.522,-1.300,0.221227537699,-489.056884765625
0.130,0.565,-1.300,0.221398340417,-489.055938720703
0.130,0.609,-1.300,0.221028128967,-489.073516845703
0.130,0.652,-1.300,0.221068459417,-489.068695068359
0.130,0.696,-1.300,0.221505207392,-489.052246093750
0.130,0.739,-1.300,0.221367845180,-489.057312011719
0.130,0.783,-1.300,0.220828288058,-489.077148437500
0.130,0.826,-1.300,0.220975042099,-489.076019287109
0.130,0.870,-1.300,0.221029810209,-489.075592041016
0.130,0.913,-1.300,0.220878068998,-489.076354980469
0.130,0.957,-1.300,0.220757343894,-489.081542968750
0.174,0.000,-1.300,0.220971844587,-489.074523925781
0.174,0.043,-1.300,0.221004179907,-489.074859619141
0.174,0.087,-1.300,0.220874334890,-489.080505371094
0.174,0.130,-1.300,0.220975042095,-489.076019287109
0.174,0.174,-1.300,0.221308842935,-489.054443359375
0.174,0.217,-1.300,0.221391176476,-489.054290771484
0.174,0.261,-1.300,0.221028394102,-489.073699951172
0.174,0.304,-1.300,0.221069676079,-489.069091796875
0.174,0.348,-1.300,0.221444665119,-489.053527832031
0.174,0.391,-1.300,0.221321948965,-489.059570312500
0.174,0.435,-1.300,0.220786291167,-489.080535888672
0.174,0.478,-1.300,0.220875130426,-489.076477050781
0.174,0.522,-1.300,0.221029028207,-489.075439453125
0.174,0.565,-1.300,0.220924363268,-489.075500488281
0.174,0.609,-1.300,0.220793257785,-489.080810546875
0.174,0.652,-1.300,0.221319464799,-489.061279296875
0.174,0.696,-1.300,0.221432408026,-489.053100585938
0.174,0.739,-1.300,0.221120972880,-489.066101074219
0.174,0.783,-1.300,0.221027932984,-489.075469970703
0.174,0.826,-1.300,0.221308842935,-489.054779052734
0.174,0.870,-1.300,0.221291194594,-489.055541992188
0.174,0.913,-1.300,0.221099392645,-489.074249267578
0.174,0.957,-1.300,0.220827120185,-489.081146240234
0.217,0.000,-1.300,0.221375791492,-489.055267333984
0.217,0.043,-1.300,0.221264546894,-489.069396972656
0.217,0.087,-1.300,0.220756932397,-489.081817626953
0.217,0.130,-1.300,0.220828288058,-489.077148437500
0.217,0.174,-1.300,0.221027932984,-489.075469970703
0.217,0.217,-1.300,0.221023789406,-489.074707031250
0.217,0.261,-1.300,0.220840611858,-489.076843261719
0.217,0.304,-1.300,0.221353171627,-489.059265136719
0.217,0.348,-1.300,0.221519764425,-489.051879882812
0.217,0.391,-1.300,0.221123836733,-489.064758300781
0.217,0.435,-1.300,0.221022398621,-489.074523925781
0.217,0.478,-1.300,0.221343677211,-489.055999755859
0.217,0.522,-1.300,0.221196598680,-489.055847167969
0.217,0.565,-1.300,0.221039943681,-489.075622558594
0.217,0.609,-1.300,0.220769306820,-489.081787109375
0.217,0.652,-1.300,0.220974150346,-489.074798583984
0.217,0.696,-1.300,0.221033761961,-489.073028564453
0.217,0.739,-1.300,0.220973445327,-489.079498291016
0.217,0.783,-1.300,0.221023789406,-489.074371337891
0.217,0.826,-1.300,0.221391176476,-489.054626464844
0.217,0.870,-1.300,0.221392948137,-489.053436279297
0.217,0.913,-1.300,0.221035780636,-489.073425292969
0.217,0.957,-1.300,0.221105071894,-489.069488525391
0.261,0.000,-1.300,0.221589264666,-489.049560546875
0.261,0.043,-1.300,0.221162703186,-489.064453125000
0.261,0.087,-1.300,0.221015822959,-489.074401855469
0.261,0.130,-1.300,0.221367845180,-489.057647705078
0.261,0.174,-1.300,0.221120972880,-489.066101074219
0.261,0.217,-1.300,0.220973445327,-489.079498291016
0.261,0.261,-1.300,0.220740220984,-489.082214355469
0.261,0.304,-1.300,0.221005855802,-489.074401855469
0.261,0.348,-1.300,0.221093739286,-489.071624755859
0.261,0.391,-1.300,0.221063816537,-489.075286865234
0.261,0.435,-1.300,0.221064191789,-489.072387695312
0.261,0.478,-1.300,0.221460668422,-489.053100585938
0.261,0.522,-1.300,0.221409746018,-489.053405761719
0.261,0.565,-1.300,0.221040691476,-489.073547363281
0.261,0.609,-1.300,0.221158524522,-489.070373535156
0.261,0.652,-1.300,0.221298878772,-489.055877685547
0.261,0.696,-1.300,0.221199784487,-489.070983886719
0.261,0.739,-1.300,0.220740220984,-489.082214355469
0.261,0.783,-1.300,0.220840611858,-489.076843261719
0.261,0.826,-1.300,0.221028394102,-489.073364257812
0.261,0.870,-1.300,0.221148144329,-489.072631835938
0.261,0.913,-1.300,0.220891165706,-489.076293945312
0.261,0.957,-1.300,0.221361980613,-489.058135986328
0.304,0.000,-1.300,0.221176577867,-489.068725585938
0.304,0.043,-1.300,0.221119126742,-489.073852539062
0.304,0.087,-1.300,0.221089022649,-489.071411132812
0.304,0.130,-1.300,0.221505207392,-489.052246093750
0.304,0.174,-1.300,0.221432408026,-489.053436279297
0.304,0.217,-1.300,0.221033761961,-489.073059082031
0.304,0.261,-1.300,0.221199784487,-489.071014404297
0.304,0.304,-1.300,0.221217628209,-489.065032958984
0.304,0.348,-1.300,0.221129214358,-489.072875976562
0.304,0.391,-1.300,0.220731947559,-489.085754394531
0.304,0.435,-1.300,0.220898153672,-489.076629638672
0.304,0.478,-1.300,0.221038681699,-489.071777343750
0.304,0.522,-1.300,0.221257790752,-489.063171386719
0.304,0.565,-1.300,0.220937068709,-489.074890136719
0.304,0.609,-1.300,0.221342595568,-489.057006835938
0.304,0.652,-1.300,0.221628862248,-489.047363281250
0.304,0.696,-1.300,0.221217628209,-489.065063476562
0.304,0.739,-1.300,0.221005855802,-489.074401855469
0.304,0.783,-1.300,0.221353171627,-489.059600830078
0.304,0.826,-1.300,0.221069676079,-489.069091796875
0.304,0.870,-1.300,0.220903750676,-489.080474853516
0.304,0.913,-1.300,0.220736710478,-489.082366943359
0.304,0.957,-1.300,0.221052349992,-489.073852539062
0.348,0.000,-1.300,0.221055285357,-489.073669433594
0.348,0.043,-1.300,0.220728552620,-489.085723876953
0.348,0.087,-1.300,0.220978856852,-489.076141357422
0.348,0.130,-1.300,0.221068459417,-489.068695068359
0.348,0.174,-1.300,0.221319464799,-489.060943603516
0.348,0.217,-1.300,0.220974150346,-489.074829101562
0.348,0.261,-1.300,0.221298878772,-489.055908203125
0.348,0.304,-1.300,0.221628862248,-489.047698974609
0.348,0.348,-1.300,0.221265477844,-489.066711425781
0.348,0.391,-1.300,0.220985952877,-489.074401855469
0.348,0.435,-1.300,0.221287142387,-489.061340332031
0.348,0.478,-1.300,0.221041111475,-489.071899414062
0.348,0.522,-1.300,0.220838732417,-489.080810546875
0.348,0.565,-1.300,0.220749001878,-489.082214355469
0.348,0.609,-1.300,0.221104011217,-489.072052001953
0.348,0.652,-1.300,0.221265477844,-489.066711425781
0.348,0.696,-1.300,0.221129214358,-489.072875976562
0.348,0.739,-1.300,0.221093739286,-489.071624755859
0.348,0.783,-1.300,0.221519764425,-489.052215576172
0.348,0.826,-1.300,0.221444665119,-489.053833007812
0.348,0.870,-1.300,0.221010408317,-489.073364257812
0.348,0.913,-1.300,0.221198800672,-489.072631835938
0.348,0.957,-1.300,0.221140930177,-489.068084716797
0.391,0.000,-1.300,0.221290446497,-489.067993164062
0.391,0.043,-1.300,0.220950075780,-489.075683593750
0.391,0.087,-1.300,0.221180815754,-489.071289062500
0.391,0.130,-1.300,0.221028128967,-489.073547363281
0.391,0.174,-1.300,0.220793257785,-489.080566406250
0.391,0.217,-1.300,0.220769306820,-489.081787109375
0.391,0.261,-1.300,0.221158524522,-489.070373535156
0.391,0.304,-1.300,0.221342595568,-489.056671142578
0.391,0.348,-1.300,0.221104011217,-489.072052001953
0.391,0.391,-1.300,0.221079659075,-489.070922851562
0.391,0.435,-1.300,0.221509386201,-489.052185058594
0.391,0.478,-1.300,0.221434136030,-489.054382324219
0.391,0.522,-1.300,0.220972038367,-489.073974609375
0.391,0.565,-1.300,0.221141917493,-489.074340820312
0.391,0.609,-1.300,0.221079659075,-489.070922851562
0.391,0.652,-1.300,0.220985952877,-489.074768066406
0.391,0.696,-1.300,0.220731947559,-489.085754394531
0.391,0.739,-1.300,0.221063816537,-489.075622558594
0.391,0.783,-1.300,0.221123836733,-489.064758300781
0.391,0.826,-1.300,0.221321948965,-489.059570312500
0.391,0.870,-1.300,0.221001516859,-489.074890136719
0.391,0.913,-1.300,0.221245270013,-489.055786132812
0.391,0.957,-1.300,0.221586818684,-489.049530029297
0.435,0.000,-1.300,0.221066867841,-489.072265625000
0.435,0.043,-1.300,0.221056186288,-489.070709228516
0.435,0.087,-1.300,0.221486162065,-489.052276611328
0.435,0.130,-1.300,0.221398340417,-489.055603027344
0.435,0.174,-1.300,0.220924363268,-489.075531005859
0.435,0.217,-1.300,0.221039943681,-489.075622558594
0.435,0.261,-1.300,0.221040691476,-489.073547363281
0.435,0.304,-1.300,0.220937068709,-489.074890136719
0.435,0.348,-1.300,0.220749001878,-489.082550048828
0.435,0.391,-1.300,0.221141917493,-489.073974609375
0.435,0.435,-1.300,0.221204313560,-489.055419921875
0.435,0.478,-1.300,0.221280338962,-489.057983398438
0.435,0.522,-1.300,0.221019760448,-489.075317382812
0.435,0.565,-1.300,0.221204313560,-489.055419921875
0.435,0.609,-1.300,0.221509386201,-489.052215576172
0.435,0.652,-1.300,0.221287142387,-489.061340332031
0.435,0.696,-1.300,0.220898153672,-489.076629638672
0.435,0.739,-1.300,0.221064191789,-489.072357177734
0.435,0.783,-1.300,0.221022398621,-489.074523925781
0.435,0.826,-1.300,0.220786291167,-489.080841064453
0.435,0.870,-1.300,0.220796087170,-489.081512451172
0.435,0.913,-1.300,0.221217226403,-489.068115234375
0.435,0.957,-1.300,0.221398130875,-489.054565429688
0.478,0.000,-1.300,0.220785343947,-489.081420898438
0.478,0.043,-1.300,0.221207781486,-489.072662353516
0.478,0.087,-1.300,0.221303341435,-489.054809570312
0.478,0.130,-1.300,0.221227537699,-489.056884765625
0.478,0.174,-1.300,0.221029028207,-489.075408935547
0.478,0.217,-1.300,0.221196598680,-489.056182861328
0.478,0.261,-1.300,0.221409746018,-489.053070068359
0.478,0.304,-1.300,0.221257790752,-489.063201904297
0.478,0.348,-1.300,0.220838732417,-489.080474853516
0.478,0.391,-1.300,0.220972038367,-489.073944091797
0.478,0.435,-1.300,0.221019760448,-489.075286865234
0.478,0.478,-1.300,0.220831250048,-489.080627441406
0.478,0.522,-1.300,0.220831250048,-489.080596923828
0.478,0.565,-1.300,0.221280338962,-489.058013916016
0.478,0.609,-1.300,0.221434136030,-489.054382324219
0.478,0.652,-1.300,0.221041111475,-489.071899414062
0.478,0.696,-1.300,0.221038681699,-489.071746826172
0.478,0.739,-1.300,0.221460668422,-489.053405761719
0.478,0.783,-1.300,0.221343677211,-489.055908203125
0.478,0.826,-1.300,0.220875130426,-489.076477050781
0.478,0.870,-1.300,0.220924128702,-489.079589843750
0.478,0.913,-1.300,0.221023162163,-489.075592041016
0.478,0.957,-1.300,0.220928207977,-489.074829101562
0.522,0.000,-1.300,0.220785343947,-489.081420898438
0.522,0.043,-1.300,0.220928207977,-489.075134277344
0.522,0.087,-1.300,0.221023162163,-489.075561523438
0.522,0.130,-1.300,0.220924128702,-489.079620361328
0.522,0.174,-1.300,0.220875130426,-489.076477050781
0.522,0.217,-1.300,0.221343677211,-489.055908203125
0.522,0.261,-1.300,0.221460668422,-489.053100585938
0.522,0.304,-1.300,0.221038681699,-489.071746826172
0.522,0.348,-1.300,0.221041111475,-489.071929931641
0.522,0.391,-1.300,0.221434136030,-489.054718017578
0.522,0.435,-1.300,0.221280338962,-489.058013916016
0.522,0.478,-1.300,0.220831250048,-489.080627441406
0.522,0.522,-1.300,0.220831250048,-489.080261230469
0.522,0.565,-1.300,0.221019760448,-489.075286865234
0.522,0.609,-1.300,0.220972038367,-489.074279785156
0.522,0.652,-1.300,0.220838732417,-489.080444335938
0.522,0.696,-1.300,0.221257790752,-489.062866210938
0.522,0.739,-1.300,0.221409746018,-489.053405761719
0.522,0.783,-1.300,0.221196598680,-489.055847167969
0.522,0.826,-1.300,0.221029028207,-489.075408935547
0.522,0.870,-1.300,0.221227537699,-489.056884765625
0.522,0.913,-1.300,0.221303341435,-489.054809570312
0.522,0.957,-1.300,0.221207781486,-489.072662353516
0.565,0.000,-1.300,0.221066867841,-489.072265625000
0.565,0.043,-1.300,0.221398130875,-489.054870605469
0.565,0.087,-1.300,0.221217226403,-489.068115234375
0.565,0.130,-1.300,0.220796087170,-489.081176757812
0.565,0.174,-1.300,0.220786291167,-489.080535888672
0.565,0.217,-1.300,0.221022398621,-489.074523925781
0.565,0.261,-1.300,0.221064191789,-489.072387695312
0.565,0.304,-1.300,0.220898153672,-489.076629638672
0.565,0.348,-1.300,0.221287142387,-489.061309814453
0.565,0.391,-1.300,0.221509386201,-489.052246093750
0.565,0.435,-1.300,0.221204313560,-489.055450439453
0.565,0.478,-1.300,0.221019760448,-489.075286865234
0.565,0.522,-1.300,0.221280338962,-489.058013916016
0.565,0.565,-1.300,0.221204313560,-489.055755615234
0.565,0.609,-1.300,0.221141917493,-489.074371337891
0.565,0.652,-1.300,0.220749001878,-489.082244873047
0.565,0.696,-1.300,0.220937068709,-489.074890136719
0.565,0.739,-1.300,0.221040691476,-489.073883056641
0.565,0.783,-1.300,0.221039943681,-489.075622558594
0.565,0.826,-1.300,0.220924363268,-489.075500488281
0.565,0.870,-1.300,0.221398340417,-489.055633544922
0.565,0.913,-1.300,0.221486162065,-489.052246093750
0.565,0.957,-1.300,0.221056186288,-489.070709228516
0.609,0.000,-1.300,0.221290446497,-489.067993164062
0.609,0.043,-1.300,0.221586818684,-489.049194335938
0.609,0.087,-1.300,0.221245270013,-489.055480957031
0.609,0.130,-1.300,0.221001516859,-489.074890136719
0.609,0.174,-1.300,0.221321948965,-489.059570312500
0.609,0.217,-1.300,0.221123836733,-489.064758300781
0.609,0.261,-1.300,0.221063816537,-489.075286865234
0.609,0.304,-1.300,0.220731947559,-489.085723876953
0.609,0.348,-1.300,0.220985952877,-489.074401855469
0.609,0.391,-1.300,0.221079659075,-489.071228027344
0.609,0.435,-1.300,0.221141917493,-489.074005126953
0.609,0.478,-1.300,0.220972038367,-489.074279785156
0.609,0.522,-1.300,0.221434136030,-489.054382324219
0.609,0.565,-1.300,0.221509386201,-489.052185058594
0.609,0.609,-1.300,0.221079659075,-489.070922851562
0.609,0.652,-1.300,0.221104011217,-489.072021484375
0.609,0.696,-1.300,0.221342595568,-489.056671142578
0.609,0.739,-1.300,0.221158524522,-489.070373535156
0.609,0.783,-1.300,0.220769306820,-489.081787109375
0.609,0.826,-1.300,0.220793257785,-489.080902099609
0.609,0.870,-1.300,0.221028128967,-489.073547363281
0.609,0.913,-1.300,0.221180815754,-489.070953369141
0.609,0.957,-1.300,0.220950075780,-489.075683593750
0.652,0.000,-1.300,0.221055285357,-489.073364257812
0.652,0.043,-1.300,0.221140930177,-489.068054199219
0.652,0.087,-1.300,0.221198800672,-489.072296142578
0.652,0.130,-1.300,0.221010408317,-489.073333740234
0.652,0.174,-1.300,0.221444665119,-489.053833007812
0.652,0.217,-1.300,0.221519764425,-489.051910400391
0.652,0.261,-1.300,0.221093739286,-489.071624755859
0.652,0.304,-1.300,0.221129214358,-489.072875976562
0.652,0.348,-1.300,0.221265477844,-489.066711425781
0.652,0.391,-1.300,0.221104011217,-489.072052001953
0.652,0.435,-1.300,0.220749001878,-489.082550048828
0.652,0.478,-1.300,0.220838732417,-489.080444335938
0.652,0.522,-1.300,0.221041111475,-489.071929931641
0.652,0.565,-1.300,0.221287142387,-489.061340332031
0.652,0.609,-1.300,0.220985952877,-489.074401855469
0.652,0.652,-1.300,0.221265477844,-489.066741943359
0.652,0.696,-1.300,0.221628862248,-489.047698974609
0.652,0.739,-1.300,0.221298878772,-489.055877685547
0.652,0.783,-1.300,0.220974150346,-489.074829101562
0.652,0.826,-1.300,0.221319464799,-489.060974121094
0.652,0.870,-1.300,0.221068459417,-489.068664550781
0.652,0.913,-1.300,0.220978856852,-489.076477050781
0.652,0.957,-1.300,0.220728552620,-489.085693359375
0.696,0.000,-1.300,0.221176577867,-489.068725585938
0.696,0.043,-1.300,0.221052349992,-489.073883056641
0.696,0.087,-1.300,0.220736710478,-489.082366943359
0.696,0.130,-1.300,0.220903750676,-489.080108642578
0.696,0.174,-1.300,0.221069676079,-489.069091796875
0.696,0.217,-1.300,0.221353171627,-489.059265136719
0.696,0.261,-1.300,0.221005855802,-489.074401855469
0.696,0.304,-1.300,0.221217628209,-489.065032958984
0.696,0.348,-1.300,0.221628862248,-489.047363281250
0.696,0.391,-1.300,0.221342595568,-489.056671142578
0.696,0.435,-1.300,0.220937068709,-489.074890136719
0.696,0.478,-1.300,0.221257790752,-489.062835693359
0.696,0.522,-1.300,0.221038681699,-489.071777343750
0.696,0.565,-1.300,0.220898153672,-489.076995849609
0.696,0.609,-1.300,0.220731947559,-489.085723876953
0.696,0.652,-1.300,0.221129214358,-489.072875976562
0.696,0.696,-1.300,0.221217628209,-489.065063476562
0.696,0.739,-1.300,0.221199784487,-489.070983886719
0.696,0.783,-1.300,0.221033761961,-489.073028564453
0.696,0.826,-1.300,0.221432408026,-489.053100585938
0.696,0.870,-1.300,0.221505207392,-489.052246093750
0.696,0.913,-1.300,0.221089022649,-489.071411132812
0.696,0.957,-1.300,0.221119126742,-489.074188232422
0.739,0.000,-1.300,0.221589264666,-489.049560546875
0.739,0.043,-1.300,0.221361980613,-489.057800292969
0.739,0.087,-1.300,0.220891165706,-489.076324462891
0.739,0.130,-1.300,0.221148144329,-489.072967529297
0.739,0.174,-1.300,0.221028394102,-489.073364257812
0.739,0.217,-1.300,0.220840611858,-489.076812744141
0.739,0.261,-1.300,0.220740220984,-489.082214355469
0.739,0.304,-1.300,0.221199784487,-489.070983886719
0.739,0.348,-1.300,0.221298878772,-489.056182861328
0.739,0.391,-1.300,0.221158524522,-489.070373535156
0.739,0.435,-1.300,0.221040691476,-489.073547363281
0.739,0.478,-1.300,0.221409746018,-489.053100585938
0.739,0.522,-1.300,0.221460668422,-489.053100585938
0.739,0.565,-1.300,0.221064191789,-489.072357177734
0.739,0.609,-1.300,0.221063816537,-489.075286865234
0.739,0.652,-1.300,0.221093739286,-489.071655273438
0.739,0.696,-1.300,0.221005855802,-489.074401855469
0.739,0.739,-1.300,0.220740220984,-489.082214355469
0.739,0.783,-1.300,0.220973445327,-489.079803466797
0.739,0.826,-1.300,0.221120972880,-489.066101074219
0.739,0.870,-1.300,0.221367845180,-489.057312011719
0.739,0.913,-1.300,0.221015822959,-489.074401855469
0.739,0.957,-1.300,0.221162703186,-489.064453125000
0.783,0.000,-1.300,0.221375791492,-489.055267333984
0.783,0.043,-1.300,0.221105071894,-489.069458007812
0.783,0.087,-1.300,0.221035780636,-489.073455810547
0.783,0.130,-1.300,0.221392948137,-489.053771972656
0.783,0.174,-1.300,0.221391176476,-489.054290771484
0.783,0.217,-1.300,0.221023789406,-489.074401855469
0.783,0.261,-1.300,0.220973445327,-489.079833984375
0.783,0.304,-1.300,0.221033761961,-489.073059082031
0.783,0.348,-1.300,0.220974150346,-489.074829101562
0.783,0.391,-1.300,0.220769306820,-489.081787109375
0.783,0.435,-1.300,0.221039943681,-489.075622558594
0.783,0.478,-1.300,0.221196598680,-489.055847167969
0.783,0.522,-1.300,0.221343677211,-489.055908203125
0.783,0.565,-1.300,0.221022398621,-489.074554443359
0.783,0.609,-1.300,0.221123836733,-489.064788818359
0.783,0.652,-1.300,0.221519764425,-489.051879882812
0.783,0.696,-1.300,0.221353171627,-489.059265136719
0.783,0.739,-1.300,0.220840611858,-489.077178955078
0.783,0.783,-1.300,0.221023789406,-489.074401855469
0.783,0.826,-1.300,0.221027932984,-489.075439453125
0.783,0.870,-1.300,0.220828288058,-489.076812744141
0.783,0.913,-1.300,0.220756932397,-489.081481933594
0.783,0.957,-1.300,0.221264546894,-489.069366455078
0.826,0.000,-1.300,0.220971844587,-489.074554443359
0.826,0.043,-1.300,0.220827120185,-489.081115722656
0.826,0.087,-1.300,0.221099392645,-489.074249267578
0.826,0.130,-1.300,0.221291194594,-489.055175781250
0.826,0.174,-1.300,0.221308842935,-489.054779052734
0.826,0.217,-1.300,0.221027932984,-489.075469970703
0.826,0.261,-1.300,0.221120972880,-489.066101074219
0.826,0.304,-1.300,0.221432408026,-489.053436279297
0.826,0.348,-1.300,0.221319464799,-489.061279296875
0.826,0.391,-1.300,0.220793257785,-489.080902099609
0.826,0.435,-1.300,0.220924363268,-489.075500488281
0.826,0.478,-1.300,0.221029028207,-489.075408935547
0.826,0.522,-1.300,0.220875130426,-489.076477050781
0.826,0.565,-1.300,0.220786291167,-489.080841064453
0.826,0.609,-1.300,0.221321948965,-489.059234619141
0.826,0.652,-1.300,0.221444665119,-489.053833007812
0.826,0.696,-1.300,0.221069676079,-489.069091796875
0.826,0.739,-1.300,0.221028394102,-489.073364257812
0.826,0.783,-1.300,0.221391176476,-489.054626464844
0.826,0.826,-1.300,0.221308842935,-489.054443359375
0.826,0.870,-1.300,0.220975042099,-489.075683593750
0.826,0.913,-1.300,0.220874334890,-489.080505371094
0.826,0.957,-1.300,0.221004179907,-489.074523925781
0.870,0.000,-1.300,0.221266589762,-489.070343017578
0.870,0.043,-1.300,0.220757343894,-489.081848144531
0.870,0.087,-1.300,0.220878068998,-489.076049804688
0.870,0.130,-1.300,0.221029810209,-489.075592041016
0.870,0.174,-1.300,0.220975042099,-489.075683593750
0.870,0.217,-1.300,0.220828288058,-489.076812744141
0.870,0.261,-1.300,0.221367845180,-489.057617187500
0.870,0.304,-1.300,0.221505207392,-489.052276611328
0.870,0.348,-1.300,0.221068459417,-489.068664550781
0.870,0.391,-1.300,0.221028128967,-489.073547363281
0.870,0.435,-1.300,0.221398340417,-489.055969238281
0.870,0.478,-1.300,0.221227537699,-489.056884765625
0.870,0.522,-1.300,0.220924128702,-489.079589843750
0.870,0.565,-1.300,0.220796087170,-489.081176757812
0.870,0.609,-1.300,0.221001516859,-489.075225830078
0.870,0.652,-1.300,0.221010408317,-489.073333740234
0.870,0.696,-1.300,0.220903750676,-489.080139160156
0.870,0.739,-1.300,0.221148144329,-489.072631835938
0.870,0.783,-1.300,0.221392948137,-489.053436279297
0.870,0.826,-1.300,0.221291194594,-489.055206298828
0.870,0.870,-1.300,0.221029810209,-489.075592041016
0.870,0.913,-1.300,0.221158101570,-489.066925048828
0.870,0.957,-1.300,0.221337973378,-489.054901123047
0.913,0.000,-1.300,0.221098071447,-489.067535400391
0.913,0.043,-1.300,0.221038387618,-489.073577880859
0.913,0.087,-1.300,0.221395336080,-489.055694580078
0.913,0.130,-1.300,0.221158101570,-489.066894531250
0.913,0.174,-1.300,0.220874334890,-489.080505371094
0.913,0.217,-1.300,0.220756932397,-489.081481933594
0.913,0.261,-1.300,0.221015822959,-489.074401855469
0.913,0.304,-1.300,0.221089022649,-489.071380615234
0.913,0.348,-1.300,0.220978856852,-489.076110839844
0.913,0.391,-1.300,0.221180815754,-489.070983886719
0.913,0.435,-1.300,0.221486162065,-489.052307128906
0.913,0.478,-1.300,0.221303341435,-489.054809570312
0.913,0.522,-1.300,0.221023162163,-489.075592041016
0.913,0.565,-1.300,0.221217226403,-489.068115234375
0.913,0.609,-1.300,0.221245270013,-489.055480957031
0.913,0.652,-1.300,0.221198800672,-489.072296142578
0.913,0.696,-1.300,0.220736710478,-489.082336425781
0.913,0.739,-1.300,0.220891165706,-489.076293945312
0.913,0.783,-1.300,0.221035780636,-489.073730468750
0.913,0.826,-1.300,0.221099392645,-489.074218750000
0.913,0.870,-1.300,0.220878068998,-489.076019287109
0.913,0.913,-1.300,0.221395336080,-489.055725097656
0.913,0.957,-1.300,0.221555213585,-489.050445556641
0.957,0.000,-1.300,0.221032487640,-489.074981689453
0.957,0.043,-1.300,0.221191268498,-489.069793701172
0.957,0.087,-1.300,0.221555213585,-489.050445556641
0.957,0.130,-1.300,0.221337973378,-489.054901123047
0.957,0.174,-1.300,0.221004179907,-489.074554443359
0.957,0.217,-1.300,0.221264546894,-489.069366455078
0.957,0.261,-1.300,0.221162703186,-489.064453125000
0.957,0.304,-1.300,0.221119126742,-489.073852539062
0.957,0.348,-1.300,0.220728552620,-489.085693359375
0.957,0.391,-1.300,0.220950075780,-489.076049804688
0.957,0.435,-1.300,0.221056186288,-489.070709228516
0.957,0.478,-1.300,0.221207781486,-489.072326660156
0.957,0.522,-1.300,0.220928207977,-489.075164794922
0.957,0.565,-1.300,0.221398130875,-489.054565429688
0.957,0.609,-1.300,0.221586818684,-489.049194335938
0.957,0.652,-1.300,0.221140930177,-489.068054199219
0.957,0.696,-1.300,0.221052349992,-489.073852539062
0.957,0.739,-1.300,0.221361980613,-489.057800292969
0.957,0.783,-1.300,0.221105071894,-489.069458007812
0.957,0.826,-1.300,0.220827120185,-489.081115722656
0.957,0.870,-1.300,0.220757343894,-489.081542968750
0.957,0.913,-1.300,0.221038387618,-489.073577880859
0.957,0.957,-1.300,0.221191268498,-489.069793701172

metric,value
total_points,529
valid_points,529
pearson,0.942338710326
spearman,0.958533965881
